"序号","代码","名称","最新价","涨跌额","涨跌幅","60日涨跌幅","年初至今涨跌幅","成交量","成交额","今开","换手率%","市盈率","总市值","总股本","5日涨跌幅","10日涨跌幅","20日涨跌幅","120日涨跌幅","250日涨跌幅","昨收","最高","最低"
"1","BK2106","鞋类及配件","6984.013","+279.912","4.18%","-8.82%","-20.19%","17553796","1956633482","6776.596","1.02","30.050","234744565528.62","2081437948","3.13%","-0.84%","3.95%","-23.13%","-4.04%","6704.101","7030.865","6704.101"
"2","BK2452","美国基建股","1794.480","+66.336","3.84%","5.12%","11.10%","19311226","1704760995","1739.519","1.86","10.648","139490512559.68","1213791923","5.11%","1.71%","2.92%","14.99%","1.79%","1728.144","1805.674","1728.144"
"3","BK2487","热煤","1341.253","+38.902","2.99%","76.35%","100.75%","14309793","483245418","1291.856","5.19","11.423","12039027544.27","366022422","18.38%","24.02%","31.91%","115.79%","357.03%","1302.351","1344.839","1282.062"
"4","BK2485","海运","1976.051","+50.016","2.60%","13.27%","15.73%","49935443","922319298","1933.014","3.31","3.531","33993229134.84","2027864735","2.59%","-10.36%","-11.45%","41.77%","36.93%","1926.035","1981.352","1925.178"
"5","BK2471","农重工程机械","2090.477","+50.325","2.47%","4.25%","9.55%","34220542","2581836140","2044.325","0.95","21.034","342639691562.37","4538763248","5.15%","1.31%","2.41%","9.92%","2.94%","2040.152","2101.994","2040.139"
"6","BK2505","炼焦煤","2428.957","+49.822","2.09%","62.32%","80.08%","5096219","177661394","2380.211","2.02","14.991","6789981195.442","301815410","14.34%","13.09%","18.97%","71.85%","217.83%","2379.135","2460.584","2374.388"
"7","BK2263","住宿","1578.246","+30.265","1.96%","8.89%","0.66%","9492856","1229350115","1550.632","0.76","108.553","155798040217.5","1897541774","7.21%","2.04%","3.28%","4.44%","7.63%","1547.981","1586.397","1547.981"
"8","BK2270","金属制造","1347.392","+23.228","1.75%","10.45%","13.30%","9232554","258166545","1323.261","1.17","20.819","23666539078.18","918231358","7.93%","5.81%","2.91%","18.12%","11.90%","1324.164","1353.830","1321.819"
"9","BK2649","粮食紧缺","1522.362","+24.510","1.64%","16.66%","23.22%","38849967","4378512008.792","1499.945","0.00","0.000","0","0","5.49%","5.89%","11.87%","27.15%","22.33%","1497.852","1531.129","1497.852"
"10","BK2574","体育","1202.641","+19.355","1.64%","-6.10%","-11.97%","26181596","2886557538","1189.390","0.66","31.147","505886368786.42","4331856093","1.19%","0.65%","4.72%","-8.04%","5.80%","1183.286","1209.566","1183.286"
"11","BK2274","油气钻井","1276.800","+18.115","1.44%","54.14%","82.83%","22990696","263792779","1254.996","1.87","-2.835","18775858832.85","1388589549","10.32%","10.55%","17.76%","49.27%","265.41%","1258.685","1283.053","1251.548"
"12","BK2211","铝","1362.807","+17.622","1.31%","22.86%","27.33%","7469836","514445648","1344.996","0.91","26.023","32929927814.67","1113780761","3.05%","0.18%","6.46%","26.25%","75.42%","1345.185","1377.998","1344.996"
"13","BK2507","其他贵金属和采矿","616.767","+7.861","1.29%","4.31%","14.53%","11620024","56400978","608.617","0.66","-18.889","10094382508.351","2347005145","8.61%","8.57%","3.73%","12.19%","-16.25%","608.906","619.855","600.065"
"14","BK2007","农产品","1834.504","+21.504","1.19%","20.54%","25.77%","14007293","694834340","1818.182","0.81","15.600","122299795106.46","2273031367","3.43%","6.68%","12.16%","23.04%","35.30%","1813.000","1845.506","1812.369"
"15","BK2257","石油和天然气设备和服务","742.427","+8.503","1.16%","29.94%","53.67%","82265567","1620877139","731.310","1.22","-80.840","216105752158.119","8216529176","6.13%","5.51%","10.49%","36.78%","69.08%","733.924","747.009","727.792"
"16","BK2090","航空公司","2238.852","+25.557","1.15%","-1.60%","1.60%","114038601","3482304124","2228.327","3.04","-15.018","154100695770.737","4681508282","8.13%","2.28%","7.33%","-5.49%","-18.49%","2213.295","2265.952","2213.293"
"17","BK2581","枪械制造","3127.349","+26.597","0.86%","7.11%","-3.04%","2764524","147001771","3102.900","1.32","7.523","12274753007.4","228019036","6.30%","8.69%","8.00%","-2.26%","34.61%","3100.752","3169.822","3100.752"
"18","BK2583","核电","1015.919","+8.471","0.84%","11.38%","9.85%","1877923","147980772","1008.407","0.48","19.794","32136578092.84","425904000","0.85%","5.38%","9.84%","11.04%","8.22%","1007.448","1019.994","1007.448"
"19","BK2575","品牌服饰","1002.171","+8.038","0.81%","-10.83%","-17.82%","44485381","3603102307","998.631","0.77","44.101","570336738460.45","6380707420","1.16%","-2.03%","-1.32%","-18.87%","-16.64%","994.133","1010.804","994.133"
"20","BK2102","铁路","1788.910","+13.271","0.75%","-4.77%","-7.49%","23361016","2153535000","1775.443","0.47","23.960","501712300878.41","5197289681","-4.83%","-12.20%","-9.11%","-8.10%","-1.83%","1775.639","1796.044","1775.443"
"21","BK2010","农业投入","2882.676","+20.490","0.72%","39.94%","39.85%","21443492","1625012869","2860.909","0.71","22.089","201709542837.306","3824777828","5.07%","7.03%","13.06%","51.57%","62.16%","2862.186","2905.581","2853.645"
"22","BK2447","邮轮概念","581.554","+3.494","0.60%","-3.12%","2.24%","40564428","968739766","583.121","2.37","-2.623","53867852210.46","1897714327","4.74%","-2.08%","6.73%","-8.89%","-14.31%","578.060","596.563","578.060"
"23","BK2489","公用事业-管制气体","1080.346","+6.494","0.60%","15.12%","13.49%","9151176","479767192","1072.878","0.74","21.620","75653957976.14","1424115307","0.71%","1.42%","9.02%","18.69%","3.65%","1073.852","1084.785","1072.564"
"24","BK2092","医药零售商","621.385","+3.631","0.59%","-15.93%","-14.25%","91547440","594679171","618.230","9.10","24.594","40794175496.98","1257745645","-0.41%","-0.03%","-5.60%","-10.03%","-19.55%","617.754","629.534","617.754"
"25","BK2488","公用事业-综合性","1299.020","+6.999","0.54%","8.40%","6.97%","30931442","1102002526","1290.873","0.49","38.075","225014958169.32","7505684123","0.12%","1.54%","8.85%","7.87%","10.60%","1292.021","1306.504","1290.873"
"26","BK2464","饮料-酒厂和酿酒厂","1546.104","+7.613","0.49%","4.63%","-1.60%","6938481","643123096","1541.171","0.41","54.908","290140452943.66","2163409272","0.41%","6.73%","10.84%","8.12%","9.71%","1538.491","1550.899","1538.491"
"27","BK2462","公用事业-独立发电商","921.978","+4.235","0.46%","-3.60%","-10.76%","7119371","199459139","918.315","0.63","-25.073","31265132505.5","1402622040","1.17%","3.23%","2.49%","0.60%","1.37%","917.743","929.964","916.676"
"28","BK2498","旅行服务","1028.127","+4.696","0.46%","3.26%","0.94%","59476103","3545450777","1025.003","1.58","-17.099","361108135174.36","4605695708","2.87%","-2.36%","5.21%","-4.11%","-8.86%","1023.431","1050.730","1023.431"
"29","BK2046","度假村和赌场","4591.826","+20.400","0.45%","-9.07%","-12.90%","21898149","1010566099","4574.551","1.17","-85.901","122397879328.53","3164772175","2.26%","-5.40%","-5.43%","-18.38%","-30.25%","4571.426","4641.134","4571.431"
"30","BK2486","医疗设施","1657.066","+7.212","0.44%","10.37%","-1.00%","23255244","1126522043","1649.791","0.71","24.500","232791358630.743","5619533906","1.25%","1.12%","0.46%","-3.73%","-2.42%","1649.854","1671.031","1649.791"
"31","BK2587","信用支付","1235.190","+4.701","0.38%","0.33%","-0.18%","30038413","4822209398","1230.505","0.61","26.711","1089245531623.83","5487613518","0.40%","-1.14%","0.72%","-5.44%","0.35%","1230.489","1247.885","1230.489"
"32","BK2080","百货商店","2130.700","+5.350","0.25%","16.67%","15.63%","18443467","615196359","2127.652","2.64","8.345","26768624385.51","868337931","7.16%","5.01%","0.97%","11.95%","21.45%","2125.350","2172.114","2124.585"
"33","BK2226","油气中流","1208.244","+3.007","0.25%","14.72%","24.58%","79290541","2105686419","1204.101","0.49","23.454","618844131853.933","21656276514","1.41%","2.60%","8.65%","13.01%","33.33%","1205.237","1215.607","1201.753"
"34","BK2058","油气E&P","943.648","+2.207","0.23%","24.11%","42.98%","411547971","8132531925","939.917","2.68","35.113","846067221308.912","17625662528","2.83%","3.70%","7.49%","37.98%","85.69%","941.441","950.823","937.026"
"35","BK2240","折扣店","2060.742","+4.664","0.23%","12.86%","6.68%","22603057","4586325187","2055.910","0.73","31.174","915721894072.6801","4454528716","0.31%","5.80%","8.14%","8.84%","22.78%","2056.078","2074.933","2048.992"
"36","BK2108","包装食品","1751.253","+3.260","0.19%","2.43%","3.77%","78283300","2140978983","1749.296","1.14","26.669","358819539552.539","9541453979","1.42%","4.02%","8.74%","9.24%","2.84%","1747.993","1758.723","1746.877"
"37","BK2512","保险-人寿保险","1140.200","+2.119","0.19%","-2.87%","2.78%","18099446","788055766","1137.523","0.22","9.499","315784325905.73","12249040371","0.94%","-0.18%","2.15%","-4.71%","-7.66%","1138.081","1145.586","1135.884"
"38","BK2573","抗癌医药","1189.556","+2.171","0.18%","3.61%","1.11%","84639636","5415476923","1189.370","0.55","15.360","1049205720637.37","15797229462","-0.81%","4.41%","4.91%","10.63%","15.19%","1187.385","1197.108","1185.556"
"39","BK2089","航天军工","3926.399","+6.405","0.16%","6.83%","10.04%","46818967","4280896996","3927.845","0.74","46.071","773892709775.478","8406813511","0.22%","0.97%","3.02%","2.52%","6.84%","3919.994","3956.371","3919.989"
"40","BK2264","烟草","704.438","+1.148","0.16%","1.98%","10.41%","32431384","1299415495","701.199","0.51","17.392","363411584734.422","7728082789","1.77%","5.56%","6.73%","10.07%","9.65%","703.290","706.525","699.978"
"41","BK2273","租赁服务","1553.314","+2.090","0.13%","0.02%","-7.43%","11388820","694418231","1551.077","0.83","18.771","112538372581.27","2271405138","5.09%","-2.39%","-4.81%","-4.34%","13.46%","1551.224","1567.289","1547.038"
"42","BK2467","保险-再保险","1098.282","+1.124","0.10%","-3.35%","-1.44%","1322882","121948983","1097.849","0.37","14.286","29226184673.97","474477863","-0.46%","-2.23%","2.80%","0.93%","-2.57%","1097.158","1105.854","1093.704"
"43","BK2428","药品制造商-通用","1445.448","+1.177","0.08%","9.39%","7.41%","193833274","10192243030","1443.406","0.69","20.672","2696498257293.2998","29162597074","-1.51%","3.87%","4.74%","14.54%","19.31%","1444.271","1454.740","1440.347"
"44","BK2582","天然气","1302.372","+0.665","0.05%","19.41%","26.75%","180629500","6672312238","1299.716","1.23","24.870","1208098778614.6699","15868188281","1.58%","3.74%","7.03%","28.45%","42.78%","1301.707","1311.885","1297.134"
"45","BK2504","空壳公司","1132.801","+0.389","0.03%","3.73%","4.20%","43682986","536010082","1132.415","0.26","116.712","231170540280.695","23061965559","0.85%","0.94%","1.36%","4.89%","13.50%","1132.412","1133.043","1132.329"
"46","BK2475","REIT-酒店及汽车旅馆","971.163","+0.251","0.03%","6.38%","5.70%","29224325","496850038","971.572","1.14","-15.508","45994282270.22","2655708222","5.86%","-2.19%","1.72%","6.97%","5.74%","970.912","994.141","967.962"
"47","BK2585","页岩油","1563.271","+0.289","0.02%","29.55%","48.70%","86060225","5973683009","1561.241","1.14","21.856","769276768511.2","7748276048","3.05%","4.49%","6.74%","47.31%","92.85%","1562.982","1576.804","1553.708"
"48","BK2453","英国银行股","865.280","+0.073","0.01%","-10.55%","0.64%","24274647","178031762","866.562","0.06","7.475","267832073646.54","42803920069","-0.19%","-1.32%","-3.05%","-4.92%","3.61%","865.207","869.986","861.717"
"49","BK2469","REIT- 抵押","848.805","+0.060","0.01%","-4.50%","-4.39%","57489339","578365683","849.160","0.83","12.102","90147225471.96","7357456472","4.85%","1.13%","1.21%","-10.28%","-6.97%","848.745","853.634","846.925"
"50","BK2641","俄罗斯概念","156.923","0.000","0.00%","-84.42%","-86.70%","0","0","156.923","0.00","2.399","31119690891.18","19013361941","0.00%","0.00%","0.00%","-89.04%","-84.25%","156.923","0.000","0.000"
"51","BK2093","白银","1765.208","-0.021","-0.00%","16.35%","19.60%","11994987","142194744","1763.108","1.23","69.731","13734996817.05","1037348805","8.80%","9.85%","5.01%","5.90%","-14.11%","1765.229","1780.440","1737.573"
"52","BK2101","钢铁","1716.672","-0.160","-0.01%","23.10%","23.39%","52067648","1890681094","1715.656","1.09","4.185","190840951613.693","6878739400","4.15%","3.34%","9.08%","22.00%","30.30%","1716.832","1735.966","1710.759"
"53","BK2465","保险-专业","1456.326","-0.146","-0.01%","-6.53%","-8.70%","19771757","653458062","1458.250","1.01","10.684","70941463271.24","2506675974","-0.09%","-4.03%","-2.57%","-9.71%","2.97%","1456.472","1469.659","1454.969"
"54","BK2427","饮料 - 啤酒","896.846","-0.417","-0.05%","-3.59%","0.77%","22510979","324523198","896.127","0.37","21.118","225501377362.89","18741423254","0.98%","-2.54%","1.11%","3.72%","-8.03%","897.263","899.907","892.099"
"55","BK2237","包装和容器","1189.835","-0.564","-0.05%","-1.84%","-1.30%","20573178","983805021","1191.716","0.50","23.135","173266193845.709","5265179271","1.81%","0.17%","-0.33%","-1.16%","-3.17%","1190.399","1198.942","1188.234"
"56","BK2473","糖果店","1730.909","-1.086","-0.06%","0.09%","2.30%","7583936","620791599","1737.383","0.49","23.919","137067428263.2","1661970767","1.34%","2.48%","4.68%","10.96%","16.32%","1731.995","1745.253","1730.069"
"57","BK2476","咨询服务","2072.463","-1.787","-0.09%","0.30%","-11.43%","27788202","1276055580","2074.952","1.80","26.524","161381302752.65","1684856023","-28.09%","-28.66%","-0.33%","-6.84%","11.93%","2074.250","2094.567","2071.635"
"58","BK2110","黄金","470.621","-0.471","-0.10%","22.94%","27.09%","143438409","2097041317","469.281","0.93","30.055","304078550309.967","16785269114","3.91%","5.19%","7.12%","25.36%","13.50%","471.092","472.452","464.650"
"59","BK2060","油气炼制与营销","1100.511","-1.176","-0.11%","12.26%","26.50%","26487238","1369099236","1101.210","0.72","13.624","183107441089.09","4669659930","1.05%","0.38%","11.50%","13.09%","22.29%","1101.687","1109.183","1097.352"
"60","BK2459","饮料-不含酒精","1382.781","-1.503","-0.11%","0.68%","1.36%","40097229","2752664879","1384.783","0.52","29.311","673583291517.17","10083059269","1.03%","3.11%","6.10%","8.38%","10.25%","1384.284","1393.072","1382.433"
"61","BK2261","信贷服务","1595.640","-2.827","-0.18%","-8.44%","-10.20%","125979824","7567822704","1598.192","1.10","19.425","1330626753320.1699","15195157441","-1.76%","-4.07%","-2.12%","-18.54%","-15.68%","1598.467","1616.821","1594.615"
"62","BK2556","太空概念","884.952","-1.571","-0.18%","5.11%","9.36%","21146127","2605955718","888.666","1.21","50.712","345387399121.83","2775700783","0.78%","1.32%","4.26%","3.09%","1.44%","886.523","895.196","884.361"
"63","BK2020","化学品","1037.101","-1.862","-0.18%","6.09%","9.98%","23519158","948455016","1041.350","1.09","9.977","136315525894.366","3005466867","2.12%","-0.44%","2.16%","10.63%","4.86%","1038.963","1049.645","1037.019"
"64","BK2480","房地产-综合性","1354.337","-2.866","-0.21%","10.46%","3.61%","784395","42253616","1362.933","0.72","56.532","9177765605.93","177052488","2.16%","-2.73%","3.91%","5.20%","-1.80%","1357.203","1372.695","1353.741"
"65","BK2216","企业集团","1026.201","-2.185","-0.21%","-10.32%","-9.74%","10213000","1287145041","1030.005","0.55","22.282","259436020129.296","2345456442","0.35%","-0.01%","1.18%","-11.52%","-6.39%","1028.386","1035.838","1025.153"
"66","BK2499","纺织制造","958.756","-2.037","-0.21%","-7.41%","-11.47%","242019","13202337","960.943","0.37","20.448","3044089717.9","78234535","-0.27%","-3.53%","-6.01%","-17.26%","-27.20%","960.793","971.699","958.524"
"67","BK2246","医疗保健计划","1848.479","-3.982","-0.21%","12.76%","5.99%","23397621","4965791861","1853.870","0.54","25.800","982783090500.345","5106143306","-0.15%","4.61%","3.89%","16.25%","25.67%","1852.461","1892.156","1847.542"
"68","BK2472","公用事业-受管制的电力","1386.825","-3.079","-0.22%","8.71%","5.42%","100964060","4505769154","1387.593","0.56","30.728","1054628400422.08","23610439213","-0.77%","2.27%","6.41%","11.42%","8.70%","1389.904","1395.463","1384.877"
"69","BK2477","基础设施运作","1755.854","-4.864","-0.28%","-0.28%","-3.69%","797858","17678490","1766.772","0.46","76.033","4978919677.95","204377151","-0.17%","-6.18%","-7.79%","-11.57%","-21.65%","1760.718","1783.173","1754.105"
"70","BK2033","工程建设","1766.505","-5.551","-0.31%","-1.17%","-10.64%","18593745","1119782355","1772.310","0.68","44.698","165137868776.066","3247205431","-1.72%","-2.52%","-3.11%","-26.86%","-20.29%","1772.056","1785.607","1766.010"
"71","BK2230","保险经纪","1998.133","-6.761","-0.34%","10.36%","0.48%","11329438","926758500","2004.708","0.69","27.603","259245891218.96","2258533039","-1.77%","0.40%","4.64%","-1.10%","20.74%","2004.894","2018.101","1998.034"
"72","BK2008","出版","1404.875","-4.818","-0.34%","2.87%","-2.56%","2791246","78491888","1409.859","0.09","32.707","84033734001.33","3175254992","-1.55%","0.63%","2.23%","0.66%","12.49%","1409.693","1420.962","1404.587"
"73","BK2440","美国抗疫概念","2081.868","-7.190","-0.34%","20.02%","4.98%","198489396","3583411246","2089.303","10.13","74.269","299031249842.8401","2155014128","-2.01%","4.66%","4.81%","24.62%","-7.94%","2089.058","2100.239","2071.350"
"74","BK2088","电信业务","868.214","-3.032","-0.35%","-6.52%","-6.71%","112431794","3161734935","870.692","0.31","12.944","1182317766539.3391","49634356378","-1.31%","-7.90%","-7.10%","1.19%","2.01%","871.246","871.246","866.652"
"75","BK2094","博彩","3275.039","-11.976","-0.36%","-5.72%","-20.14%","25280309","419506217","3287.888","2.08","-60.482","36385686129.166","1903983329","3.67%","-4.83%","-4.26%","-39.06%","-28.55%","3287.015","3308.116","3244.442"
"76","BK2503","REIT-保健设施","1121.901","-4.452","-0.40%","2.74%","2.11%","29829264","820716432","1128.015","0.80","49.414","136229130513.232","3812576996","-1.19%","-1.81%","2.19%","4.10%","2.91%","1126.353","1142.399","1121.071"
"77","BK2049","服装制造","1720.022","-6.853","-0.40%","-13.40%","-20.29%","22195002","758248287","1729.093","0.87","25.310","96269992593.96","3356137120","0.47%","-3.14%","-4.77%","-21.23%","-23.31%","1726.875","1747.204","1718.227"
"78","BK2538","外卖概念","770.328","-3.078","-0.40%","-17.14%","-25.15%","20913433","854128228","776.803","0.98","-97.003","101973008402.21","2303373340","0.24%","-7.79%","3.72%","-39.68%","-41.53%","773.406","789.163","767.102"
"79","BK2495","金融集团","1890.475","-7.828","-0.41%","-7.22%","-9.43%","1297396","95018982","1898.830","0.86","4.744","10650128671.68","167934800","-0.20%","-3.94%","-1.53%","-11.89%","1.92%","1898.303","1916.135","1883.066"
"80","BK2118","阿里概念","329.281","-1.373","-0.42%","-19.26%","-14.64%","11528154","204069153","330.672","1.37","38.539","28388971089.23","1701808767","-0.05%","1.39%","1.55%","-31.83%","-31.65%","330.654","331.763","328.518"
"81","BK2500","综合货运物流","1578.258","-6.801","-0.43%","-11.65%","-15.36%","25795467","2098660579","1584.771","1.17","13.754","304949440220.446","2847965741","-1.18%","-10.71%","-12.90%","-13.39%","-12.67%","1585.059","1597.509","1575.853"
"82","BK2063","休闲","1247.956","-5.531","-0.44%","-9.10%","-14.86%","51249164","1055188855","1253.433","1.72","-14.495","110368376637.64","3836191238","1.88%","-2.09%","-4.51%","-17.96%","-12.58%","1253.487","1267.531","1245.881"
"83","BK2260","资本市场","1738.345","-7.889","-0.45%","-9.07%","-10.71%","114948958","5700184291","1761.752","1.18","11.806","607013543646.88","12610270745","1.51%","-2.84%","-6.84%","-13.81%","0.81%","1746.234","1778.913","1736.793"
"84","BK2030","广告公司","1313.484","-5.984","-0.45%","-10.08%","-11.99%","15780457","325188572","1320.885","0.54","24.619","69721359265.656","3845865503","-1.00%","-4.83%","-7.36%","-14.29%","-17.48%","1319.468","1329.953","1312.526"
"85","BK2572","风电","500.440","-2.296","-0.46%","5.04%","-3.34%","14120713","1092201380","502.852","0.42","32.005","297553744207.26","3729077322","-2.58%","0.14%","3.49%","3.02%","6.45%","502.736","504.605","500.327"
"86","BK2511","房地产-开发","916.210","-4.254","-0.46%","3.10%","-4.31%","4385331","10351992","920.448","2.34","-7.598","2550308059.935","396018280","1.21%","-1.55%","-1.09%","-6.87%","-12.09%","920.464","922.853","913.581"
"87","BK2219","废物管理","1858.938","-9.136","-0.49%","2.79%","-5.31%","7964330","610326335","1868.060","0.46","57.595","179450483567.787","2153632845","-3.93%","-1.85%","-0.19%","-2.24%","15.90%","1868.074","1883.429","1858.484"
"88","BK2243","工具及附件","1087.798","-5.356","-0.49%","-13.95%","-16.49%","7451490","531405549","1093.090","0.93","18.288","64730434989.841","907873563","0.55%","-1.81%","-4.77%","-17.55%","-18.74%","1093.154","1101.507","1084.763"
"89","BK2225","饭馆","1402.329","-7.260","-0.52%","-5.22%","-15.18%","31421546","2709914807","1409.984","0.71","26.966","475771255998.157","5010391818","-0.86%","-2.47%","-0.35%","-11.51%","-9.52%","1409.589","1418.057","1401.088"
"90","BK2541","SPAC上市公司","1157.546","-6.131","-0.53%","-2.95%","-20.56%","40359752","351597417","1162.048","1.89","-21.868","28114017597.09","2896291382","1.97%","-5.47%","0.87%","-35.05%","-34.30%","1163.677","1171.032","1149.132"
"91","BK2095","杂货店","1692.460","-9.258","-0.54%","17.18%","13.45%","15885519","517205414","1707.412","1.13","31.288","78504095812.85","2420267583","-3.20%","1.49%","2.49%","13.61%","20.11%","1701.718","1710.325","1686.600"
"92","BK2429","保险-综合性","1685.160","-9.248","-0.55%","8.41%","13.59%","23799659","2965644026","1693.505","0.35","8.704","1717019783555.7871","8547658175","-0.20%","-1.92%","0.27%","15.63%","26.39%","1694.408","1701.098","1685.128"
"93","BK2083","纸及纸制品","1140.297","-6.326","-0.55%","-12.30%","-8.85%","3364965","56029446","1146.818","0.34","10.550","25238305776.91","1836835272","-10.85%","-11.53%","-15.20%","9.05%","-11.55%","1146.623","1150.185","1133.891"
"94","BK2003","家庭及个人产品","2086.482","-12.159","-0.58%","-6.14%","-10.39%","55736744","3040024433","2100.555","0.67","27.908","790073787331.72","9632561116","-0.65%","1.98%","3.21%","-2.77%","-6.48%","2098.641","2109.534","2086.005"
"95","BK2034","建筑材料","1207.572","-7.139","-0.59%","-15.09%","-21.52%","6696639","292931078","1214.376","0.21","17.642","110603815615","3414310029","1.34%","-2.99%","-7.99%","-19.27%","-15.52%","1214.711","1225.195","1207.426"
"96","BK2501","其他工业金属和采矿","1856.103","-11.202","-0.60%","10.85%","25.70%","53274740","1440509383","1862.774","0.48","8.608","476625020444.046","12870138616","-0.13%","0.16%","10.46%","31.85%","19.11%","1867.305","1867.305","1849.510"
"97","BK2484","保险-财产和意外伤害","1462.597","-9.004","-0.61%","7.86%","8.21%","23788960","2385075637","1467.839","0.74","13.580","402278555846.79","3974484120","-1.18%","-0.55%","0.43%","7.58%","11.47%","1471.601","1471.601","1458.800"
"98","BK2203","个人服务","1232.651","-7.663","-0.62%","1.68%","-5.10%","9461866","237402770","1240.411","0.70","70.236","61793551187.696","2553482814","0.07%","2.36%","2.49%","-12.42%","-11.95%","1240.314","1256.477","1231.538"
"99","BK2478","食品分销商","1522.686","-9.559","-0.62%","10.22%","8.77%","6274953","337176916","1532.293","0.58","102.210","68080823715.31","1137077437","3.37%","3.83%","6.13%","14.11%","11.15%","1532.245","1549.975","1522.686"
"100","BK2456","银行-区域","977.340","-6.296","-0.64%","-7.56%","-1.79%","210987686","6233239914","984.352","0.26","11.458","1506291674724.6399","105481774997","-1.30%","-2.69%","-3.98%","-15.18%","-6.81%","983.636","988.144","975.205"
"101","BK2482","REIT-专业","1782.803","-11.631","-0.65%","4.57%","-8.53%","19500556","1630802115","1794.891","0.58","43.063","402902950794.54","3490324454","-1.88%","1.66%","4.46%","-1.98%","6.59%","1794.434","1799.407","1782.699"
"102","BK2506","电子与计算机分配","1650.164","-10.875","-0.65%","-9.71%","-14.31%","886037","52519800","1660.235","0.40","11.586","14493595236.65","317091628","-1.40%","-6.79%","-12.94%","-4.81%","-6.07%","1661.039","1677.892","1650.164"
"103","BK2220","医疗分销","1507.436","-10.038","-0.66%","21.87%","21.71%","10915251","1121966897","1519.680","1.03","-123.891","124137658604.09","1204125655","1.27%","5.35%","7.12%","27.95%","29.85%","1517.474","1533.237","1505.317"
"104","BK2224","油气一体化","996.555","-6.897","-0.69%","13.45%","31.16%","128818399","5749026815","993.769","0.39","12.094","1846178424553.78","43765106697","1.93%","3.82%","9.09%","23.58%","51.19%","1003.452","1001.347","989.079"
"105","BK2214","休闲车","821.486","-5.698","-0.69%","-14.49%","-21.56%","6028527","307333016","827.106","0.84","11.837","38256945331.58","1012874132","1.54%","-1.68%","-4.32%","-20.44%","-29.87%","827.184","834.998","818.118"
"106","BK2591","ESG ETF-MSCI","1230.263","-8.900","-0.72%","-2.73%","-5.13%","33870639","2648295708","1239.763","2.02","0.000","66641542679.22","1680099999","-1.51%","-2.65%","-1.37%","-5.78%","-1.85%","1239.163","1241.204","1230.053"
"107","BK2494","服装零售","1521.580","-11.532","-0.75%","-2.74%","-15.44%","43495554","1998926854","1533.143","1.38","22.102","219743572395.385","4071795232","4.45%","6.02%","6.48%","-17.06%","-8.37%","1533.112","1544.167","1519.570"
"108","BK2068","特种化学品","4218.953","-32.159","-0.76%","-8.77%","-14.52%","54349373","3462071226","4252.052","0.82","21.537","651867892299.298","7634572925","-1.05%","-1.34%","0.94%","-7.83%","-1.80%","4251.112","4281.193","4218.309"
"109","BK2620","安联持仓","928.970","-7.147","-0.76%","-7.12%","-9.15%","30147807","2829332924","935.697","2.12","0.000","93904088500","1424100000","-1.34%","-2.91%","-3.32%","-9.27%","-8.96%","936.117","936.127","928.614"
"110","BK2466","REIT-工业","2258.951","-17.469","-0.77%","5.72%","-4.06%","18563512","1517456890","2281.363","0.60","39.949","333902464233.13","3148115688","-2.47%","1.21%","5.26%","10.44%","33.84%","2276.420","2290.341","2257.549"
"111","BK2497","广播","975.072","-7.769","-0.79%","-0.83%","-1.06%","38733276","610812379","983.233","0.70","23.610","200693359078.79","9731204355","0.04%","-3.17%","-0.09%","-12.13%","-16.89%","982.841","989.214","974.900"
"112","BK2055","汽车零件","2506.334","-21.428","-0.85%","-17.79%","-21.61%","41151178","1017283128","2529.090","0.90","28.992","157337160063.756","6097314684","-1.34%","-7.35%","-4.70%","-20.67%","-19.34%","2527.762","2550.776","2504.942"
"113","BK2457","REIT-办公室","1171.064","-10.890","-0.92%","-3.50%","-7.70%","16826869","794858421","1182.338","0.58","32.864","164704370031.39","3742712017","-0.89%","-2.97%","-0.82%","-4.33%","1.30%","1181.954","1189.938","1171.064"
"114","BK2227","污染和处理控制","653.930","-6.154","-0.93%","5.06%","-11.52%","3689857","76167826","660.093","0.62","84.917","14848727510.147","739451019","0.18%","-2.33%","-4.28%","-28.33%","-32.90%","660.084","665.153","653.639"
"115","BK2430","铀","3189.463","-32.167","-1.00%","44.60%","41.03%","43151207","392842820","3220.399","1.82","-304.323","21689020929.95","2461623093","3.49%","10.93%","14.67%","15.24%","94.34%","3221.630","3225.180","3146.085"
"116","BK2474","专业商业服务","1774.518","-17.894","-1.00%","-1.96%","-8.81%","19691385","1025042808","1792.514","1.01","22.235","188666755938.6","3027988601","-1.12%","-1.70%","0.93%","-10.58%","-10.34%","1792.412","1800.274","1773.254"
"117","BK2234","机场及航空服务","845.091","-8.648","-1.01%","6.37%","-4.57%","9654453","88590826","852.664","1.40","7.963","25659421871.39","1378793866","-0.47%","-7.63%","3.52%","-6.72%","-3.60%","853.739","858.216","842.928"
"118","BK2252","信息技术处","388.693","-4.172","-1.06%","-7.31%","-15.55%","79613599","4515028062","394.956","0.56","45.275","924835276703.934","22621920043","-4.40%","-5.37%","-3.07%","-14.69%","-5.75%","392.865","394.956","388.620"
"119","BK2463","专业工业机械","1449.291","-15.819","-1.08%","-12.13%","-15.64%","52908076","4929489444","1465.964","0.65","40.424","788486686935.63","9148752633","-2.85%","-4.78%","-5.94%","-13.70%","-11.13%","1465.110","1474.135","1449.150"
"120","BK2044","教育及培训服务","703.360","-8.074","-1.13%","2.12%","-7.71%","69862376","420330888","710.299","3.11","-50.903","37795304989.24","3611056541","-0.53%","-1.54%","3.61%","-21.13%","-70.18%","711.434","712.868","700.668"
"121","BK2513","药品制造商-专业和非专利","1011.400","-11.902","-1.16%","-3.39%","-12.48%","257385485","1593495083","1022.682","1.60","-46.063","273635521332.497","18678826689","-3.54%","-0.91%","-1.00%","-10.43%","-11.87%","1023.302","1025.150","1011.202"
"122","BK2481","银行-综合性","1206.158","-14.214","-1.16%","-13.48%","-9.29%","252683240","11045246455","1212.070","0.29","9.327","2070925441693.9199","96891917585","-2.19%","-5.26%","-8.01%","-12.83%","-2.26%","1220.372","1221.649","1201.560"
"123","BK2461","公用事业-可再生","1516.454","-17.904","-1.17%","11.82%","-2.51%","16148744","468881433","1533.371","0.78","-1376.030","92232440442.47","3525785441","-2.26%","-0.78%","1.79%","-1.93%","-0.56%","1534.358","1540.892","1515.592"
"124","BK2479","抵押融资","977.934","-11.646","-1.18%","-22.02%","-25.22%","8677124","160408740","996.083","1.26","4.406","39951846451.9","4458787368","-2.71%","-11.82%","-11.27%","-30.57%","-41.87%","989.580","1005.977","974.777"
"125","BK2122","桥水持仓","1111.188","-13.480","-1.20%","-8.63%","-13.70%","731248356","89462785283","1122.064","1.11","22.979","6712454485881.9297","75477846279","-2.19%","-2.17%","-2.34%","-10.86%","-8.82%","1124.668","1126.143","1110.937"
"126","BK2268","保安及保护服务","916.564","-11.210","-1.21%","-11.36%","-16.96%","17796241","184129793","927.736","1.87","212.936","33667792208.309","2051497506","-1.31%","-4.90%","-8.51%","-15.14%","-20.84%","927.774","937.231","916.051"
"127","BK2256","汽车和卡车经销商","2116.736","-26.137","-1.22%","-8.71%","-16.70%","20199620","770968817","2149.222","1.64","12.023","90475035092.505","1712951068","-2.65%","-3.82%","-11.00%","-23.76%","-17.48%","2142.873","2172.857","2115.466"
"128","BK2502","专业零售","1773.798","-22.227","-1.24%","2.21%","-8.61%","60523094","3724919429","1795.212","1.78","22.428","320090895015.987","5933179740","1.26%","2.48%","3.07%","-8.90%","1.10%","1796.025","1812.872","1773.372"
"129","BK2069","生物技术","3406.888","-43.244","-1.25%","4.08%","-13.31%","854823805","10177020912","3446.648","2.29","-40.505","1159071131421.5591","54534031265","-2.23%","1.63%","2.77%","-18.51%","-10.35%","3450.132","3453.551","3404.620"
"130","BK2458","公用事业-受管制的水","1514.564","-19.459","-1.27%","5.74%","-7.46%","8372328","257056808","1536.817","0.66","30.679","77621451263.17","1710872033","-3.85%","-1.07%","4.44%","-0.75%","2.94%","1534.023","1539.227","1514.564"
"131","BK2014","医疗器械及用品","3779.494","-49.681","-1.30%","-3.21%","-13.38%","54233947","2500557648","3833.928","1.16","35.848","472901819443.409","5341628733","-4.64%","-4.61%","-2.78%","-12.05%","-4.40%","3829.175","3842.263","3778.317"
"132","BK2280","医疗设备","1472.238","-19.513","-1.31%","-1.44%","-9.75%","76365897","3848788289","1493.347","0.59","38.661","966580623492.42","14911419245","-3.41%","-1.63%","-0.16%","-12.44%","-9.54%","1491.751","1497.660","1470.392"
"133","BK2528","医药外包概念","2143.878","-28.601","-1.32%","-5.02%","-19.48%","3209114","511668496","2173.428","0.62","40.449","85669831901.5","523400113","-6.70%","-1.23%","1.81%","-17.07%","-3.50%","2172.479","2177.696","2130.037"
"134","BK2276","奢侈品","1124.412","-15.160","-1.33%","-12.94%","-20.67%","10270638","291668727","1138.806","1.74","13.468","16930388522.58","736234505","4.03%","-4.72%","-7.47%","-17.26%","-15.39%","1139.572","1155.495","1120.590"
"135","BK2589","财产管理","1039.312","-14.267","-1.35%","-14.33%","-14.82%","308449674","19544714861","1050.346","1.00","9.752","2147531616723.72","31694329292","-2.40%","-5.53%","-8.42%","-19.35%","-3.86%","1053.579","1060.739","1036.866"
"136","BK2454","非洲概念","1485.301","-21.441","-1.42%","11.70%","8.33%","6978533","120063307","1484.890","1.36","28.708","11260116543.28","529121633","0.17%","-1.46%","-1.10%","7.27%","-10.59%","1506.742","1506.742","1460.188"
"137","BK2510","铜","3212.161","-46.555","-1.43%","10.83%","19.24%","15392537","690901552","3254.753","0.73","16.968","137845721651.1","3067223451","0.35%","-2.32%","0.94%","23.57%","20.57%","3258.716","3293.085","3210.607"
"138","BK2562","Archegos爆仓风波概念","914.199","-13.400","-1.44%","-14.27%","-15.53%","79567358","2565448077","935.812","0.82","10.463","243952411464","12715719955","-1.22%","-3.74%","-6.13%","-26.22%","-30.43%","927.599","938.100","911.613"
"139","BK2491","娱乐","1356.995","-20.357","-1.48%","-13.66%","-18.33%","133395397","6207185445","1379.199","0.88","14.915","1025828578437.89","18804966033","-0.71%","-3.53%","-3.27%","-26.15%","-23.01%","1377.352","1382.548","1356.510"
"140","BK2544","固态电池","1516.469","-22.773","-1.48%","-0.75%","-20.27%","7920250","74572560","1542.757","2.21","-37.348","8000845623","564533585","-3.14%","-9.05%","9.26%","-24.18%","-43.72%","1539.242","1570.141","1505.209"
"141","BK2493","电气设备及零件","1521.089","-23.694","-1.53%","-11.47%","-19.40%","40184056","775861021","1549.237","0.84","27.598","144821135774.79","6094425236","-2.64%","-5.78%","-8.50%","-15.03%","-8.60%","1544.783","1553.364","1520.588"
"142","BK2052","木材和木材生产","2025.648","-31.629","-1.54%","-7.35%","-8.12%","1180834","92973420","2053.894","0.69","6.044","18589514635.01","237785093","4.39%","-1.07%","-11.45%","2.32%","8.32%","2057.277","2061.400","2011.523"
"143","BK2619","道富环球持仓","1186.581","-18.604","-1.54%","-4.26%","-9.34%","1076196548","166393724486","1205.509","0.68","23.457","28750166983061.711","165990619456","-3.57%","-4.47%","-1.29%","-4.46%","2.42%","1205.185","1207.217","1186.035"
"144","BK2599","领航投资持仓","1184.105","-18.718","-1.56%","-4.45%","-9.59%","1073976879","166387719273","1203.150","0.68","23.614","28683070725770.578","165227101519","-3.60%","-4.54%","-1.40%","-4.85%","0.93%","1202.823","1204.841","1183.553"
"145","BK2630","法通保险持仓","1188.858","-18.829","-1.56%","-4.71%","-9.93%","1080515443","164493991604","1207.983","0.66","23.202","28770146087601.367","171586434326","-3.62%","-4.60%","-1.47%","-4.91%","1.92%","1207.687","1209.548","1188.306"
"146","BK2490","金融数据与证券交易所","1760.375","-27.917","-1.56%","-3.25%","-12.22%","9740460","2410163757","1787.848","0.57","28.621","447640524367.44","1788121876","-4.71%","-3.39%","-2.87%","-13.77%","-1.75%","1788.292","1796.179","1758.594"
"147","BK2532","文艺复兴科技持仓","2011.453","-31.900","-1.56%","-0.89%","-5.09%","961618619","110413178789","2041.859","0.87","20.383","18698251695722.34","118126012417","-3.25%","-3.91%","0.41%","1.78%","13.95%","2043.353","2044.493","2010.546"
"148","BK2592","特朗普概念","1447.892","-22.962","-1.56%","15.38%","3.74%","264229118","12201957648","1549.602","31.84","-128.953","36474434191.24","898042787","-5.72%","13.37%","16.85%","-29.43%","-28.69%","1470.854","1549.602","1437.742"
"149","BK2038","房地产服务","1461.788","-23.256","-1.57%","-18.49%","-24.38%","45014854","733089324","1485.064","1.11","-72.291","135319220508.391","6728231070","-1.17%","-4.35%","-3.85%","-31.81%","-36.61%","1485.044","1498.927","1460.781"
"150","BK2597","贝莱德持仓","1184.919","-18.937","-1.57%","-4.44%","-9.70%","1086160178","166380472395","1204.123","0.68","23.447","28774700260038.648","166676861827","-3.65%","-4.58%","-1.43%","-4.13%","2.43%","1203.856","1205.764","1184.376"
"151","BK2637","北方信托银行持仓","1180.481","-19.009","-1.58%","-4.64%","-9.77%","1179672099","206318737944","1199.743","0.74","24.211","28688780881740.566","166612689455","-3.67%","-4.63%","-1.46%","-5.06%","0.51%","1199.490","1201.262","1179.935"
"152","BK2586","软件外包","1352.644","-21.994","-1.60%","-2.81%","-11.67%","11994065","1804928723","1375.901","0.57","37.103","335757425259.22","2133604111","-3.84%","-3.39%","-1.02%","-5.60%","6.57%","1374.638","1379.525","1351.929"
"153","BK2552","锂电池","2337.756","-38.448","-1.62%","15.73%","15.96%","7227827","452653794","2373.668","1.21","53.119","73512859843.55","824239665","-1.93%","-3.61%","7.51%","20.13%","42.79%","2376.204","2384.825","2337.284"
"154","BK2628","纽文持仓","1167.611","-19.322","-1.63%","-4.61%","-10.04%","1016347344","161096059813","1187.089","0.69","23.979","27615647664963.059","155066506749","-3.62%","-4.63%","-1.32%","-5.04%","-0.02%","1186.933","1188.691","1167.065"
"155","BK2267","货车运输","1174.069","-19.506","-1.63%","-20.72%","-31.43%","10702959","730777776","1191.902","0.93","21.064","66194266467.26","1704280535","-1.34%","-13.66%","-20.27%","-25.84%","-10.04%","1193.575","1193.437","1170.948"
"156","BK2999","巴菲特持仓","2034.159","-33.863","-1.64%","-1.12%","-4.42%","510412301","88190302893","2066.468","0.82","26.551","9215192264548.8496","69096607097","-2.14%","-3.27%","0.03%","1.04%","8.04%","2068.022","2072.608","2033.121"
"157","BK2633","汇丰持仓","1148.476","-19.165","-1.64%","-5.13%","-10.34%","1293081770","234811342961","1167.448","0.82","23.534","28388954524969.953","165968753940","-3.76%","-4.77%","-1.41%","-5.89%","0.09%","1167.641","1169.108","1147.932"
"158","BK2631","保德信金融集团持仓","1172.247","-19.635","-1.65%","-4.54%","-9.42%","1195320663","208796051502","1192.039","0.79","24.339","27566677795384.621","157488412233","-3.73%","-4.64%","-1.24%","-4.28%","2.01%","1191.882","1193.383","1171.675"
"159","BK2598","纽约梅隆银行持仓","1182.837","-19.831","-1.65%","-5.15%","-9.98%","1182578111","207631786167","1203.459","0.73","24.426","29113188447799","170275181287","-3.68%","-4.75%","-1.63%","-4.91%","1.65%","1202.668","1204.583","1182.293"
"160","BK2455","印度概念","1523.833","-25.635","-1.65%","-14.07%","-13.25%","30849064","723393280","1550.374","0.28","36.280","354720980086.33","16680627695","-6.53%","-6.51%","-6.41%","-15.67%","5.41%","1549.468","1550.374","1522.722"
"161","BK2634","三井住友金融信托持仓","1170.634","-19.713","-1.66%","-4.88%","-10.53%","1297231870","171789545118","1190.488","0.85","23.551","27404668137975.91","160350298507","-3.80%","-4.87%","-1.54%","-6.50%","-0.34%","1190.347","1191.811","1170.081"
"162","BK2072","电子元件","1881.844","-31.922","-1.67%","-14.98%","-20.44%","26481052","853102087","1914.826","0.72","22.968","168845604043.981","4495536933","-5.24%","-9.18%","-9.72%","-14.38%","-12.72%","1913.766","1918.901","1881.757"
"163","BK2496","人员配置和就业服务","1772.361","-30.097","-1.67%","2.16%","-7.38%","11171372","1007900775","1803.132","0.63","38.641","203975739164.916","2422654497","-2.60%","-0.48%","4.99%","-5.75%","17.05%","1802.458","1805.134","1770.482"
"164","BK2623","东方汇理持仓","1177.123","-20.001","-1.67%","-4.60%","-9.49%","917721132","146648870034","1196.940","0.63","23.314","26134493207456.672","151974185432","-3.84%","-4.96%","-1.55%","-3.46%","2.85%","1197.124","1198.557","1176.536"
"165","BK2443","挪威政府全球养老基金持仓","1934.512","-33.042","-1.68%","-4.16%","-8.58%","752800839","101737187248","1968.334","0.62","21.456","21604054121368.879","125776726892","-3.93%","-4.92%","-1.62%","-3.38%","6.10%","1967.554","1969.458","1933.603"
"166","BK2638","富国银行持仓","1149.901","-19.638","-1.68%","-4.27%","-9.72%","1024115659","214950881666","1169.733","0.79","27.508","26035830508316.871","133678082733","-3.80%","-4.81%","-1.29%","-5.06%","-0.26%","1169.539","1171.216","1149.340"
"167","BK2626","威灵顿管理持仓","1195.051","-20.521","-1.69%","-4.35%","-9.38%","796213547","140420342353","1216.719","0.60","26.064","25089398955084.738","137569615886","-3.71%","-4.68%","-1.16%","-5.39%","5.20%","1215.572","1218.275","1194.502"
"168","BK2534","AQR资本管理(全球第二大对冲基金)","2476.848","-42.665","-1.69%","-3.54%","-9.55%","557483596","108123763392","2519.234","0.54","22.680","19955053046813.93","109224461855","-3.81%","-4.33%","-0.25%","-3.47%","4.16%","2519.513","2521.362","2475.607"
"169","BK2005","住宅建设","4142.777","-71.675","-1.70%","-20.48%","-31.63%","16797983","906510620","4220.339","0.82","6.016","129377767225.8","2273642083","1.72%","-3.96%","-14.50%","-21.46%","-22.38%","4214.452","4265.696","4131.657"
"170","BK2632","瑞银集团持仓","1144.043","-19.844","-1.70%","-4.81%","-9.57%","1150902453","225399199693","1164.780","0.79","27.377","27641113034738.762","151562071900","-3.68%","-4.90%","-1.55%","-5.21%","-0.39%","1163.887","1166.033","1143.506"
"171","BK2596","富兰克林邓普顿基金持仓","1036.686","-18.039","-1.71%","-4.24%","-9.87%","814783222","141575137510","1054.455","0.60","25.985","25839104613172.434","142005784911","-3.77%","-4.54%","-0.97%","-3.94%","-2.09%","1054.725","1055.784","1036.155"
"172","BK2011","诊断与研究","4217.403","-73.493","-1.71%","-5.97%","-18.24%","52695593","4210010423","4290.544","0.83","37.687","836408022555.89","8083578244","-6.44%","-3.83%","-1.83%","-14.65%","-1.48%","4290.896","4298.525","4206.989"
"173","BK2275","科技仪器","1471.229","-25.928","-1.73%","-12.23%","-19.59%","20369662","928191593","1497.730","0.84","38.219","166341587972.289","2887582054","-4.03%","-6.84%","-4.50%","-16.93%","-11.30%","1497.157","1500.996","1470.468"
"174","BK2483","建筑产品和设备","2075.640","-36.599","-1.73%","-16.01%","-26.27%","18385446","872169808","2113.689","0.68","16.558","140270466651.31","3171910638","-1.86%","-6.75%","-13.42%","-20.03%","-17.33%","2112.239","2128.458","2075.602"
"175","BK2535","瑞士信贷持仓","2171.006","-38.327","-1.73%","-5.81%","-11.06%","1327581041","230799622222","2209.877","0.83","24.576","28563936839279.32","168786360440","-3.94%","-5.00%","-1.67%","-6.70%","2.54%","2209.333","2211.780","2169.957"
"176","BK2539","激光雷达概念","793.422","-14.328","-1.77%","-0.30%","-23.64%","10003845","63926936","807.265","1.62","-9.163","6489368221.76","846349522","-2.11%","-10.15%","-2.72%","-27.51%","-42.45%","807.750","818.777","788.413"
"177","BK2622","摩根大通持仓","1183.246","-21.441","-1.78%","-5.26%","-10.10%","1061619109","213165918846","1205.230","0.88","26.485","24779547396024.953","125269689039","-3.80%","-4.98%","-1.57%","-5.93%","-0.99%","1204.687","1206.306","1182.693"
"178","BK2566","资本集团","1521.474","-27.594","-1.78%","-5.87%","-12.24%","632373244","96191413429","1550.757","0.63","26.648","19670235698792.48","107980889066","-3.84%","-4.77%","-1.53%","-8.38%","1.74%","1549.068","1551.445","1520.757"
"179","BK2617","节日概念股","2252.487","-40.941","-1.79%","-2.22%","-7.05%","219023336","35686264897","2295.299","0.56","31.587","7339278815207.1699","41597437777","-2.52%","-3.47%","1.38%","-2.63%","2.78%","2293.428","2302.429","2250.816"
"180","BK2625","景顺持仓","1152.703","-20.962","-1.79%","-5.40%","-10.28%","1053827805","152943679218","1173.675","0.71","22.591","25878765209161.199","157398242440","-3.81%","-5.01%","-1.82%","-6.70%","-2.55%","1173.665","1174.933","1152.145"
"181","BK2120","索罗斯持仓","1603.540","-29.415","-1.80%","-6.88%","-13.49%","272250152","32532033655","1638.824","0.70","30.015","6696946597510.3398","48010692798","-3.17%","-5.60%","-3.06%","-12.02%","-2.87%","1632.955","1638.900","1602.866"
"182","BK2492","计算机硬件","1397.605","-25.669","-1.80%","-9.09%","-14.60%","45741518","1500758541","1417.576","0.77","13.510","228947384529.05","7108913181","-4.10%","-6.00%","-3.69%","-18.72%","-14.88%","1423.274","1427.273","1397.236"
"183","BK2621","高盛持仓","1171.402","-21.713","-1.82%","-5.57%","-10.74%","1210595580","233808228298","1193.542","0.86","27.547","27382360847667.121","149192890248","-3.92%","-5.06%","-1.64%","-6.74%","-0.72%","1193.115","1194.642","1170.861"
"184","BK2635","摩根士丹利持仓","1061.494","-19.731","-1.82%","-5.22%","-11.41%","1351879770","235172176419","1081.447","0.99","28.541","26496503795358.68","144205739562","-3.88%","-4.99%","-1.21%","-8.25%","2.52%","1081.225","1082.456","1060.986"
"185","BK2627","安盛持仓","1145.670","-21.618","-1.85%","-6.31%","-11.94%","761720159","140920705752","1167.783","0.62","24.854","25107823209232.609","131315183220","-4.28%","-5.43%","-1.59%","-7.27%","-3.52%","1167.288","1168.675","1145.138"
"186","BK2253","电子游戏与多媒体","1930.319","-37.070","-1.88%","-20.02%","-26.85%","63295069","2403533513","1957.757","1.49","74.701","298116587128.86","6216969582","-2.39%","-3.03%","0.06%","-38.14%","-33.34%","1967.389","1967.391","1921.160"
"187","BK2624","法国外贸银行持仓","1162.618","-22.355","-1.89%","-4.94%","-9.82%","1224465627","215936483085","1184.691","0.99","24.512","22547003756769.52","129917568768","-4.03%","-5.51%","-1.45%","-5.78%","-0.78%","1184.973","1186.029","1162.012"
"188","BK2249","资产管理","1164.761","-22.645","-1.91%","-10.21%","-15.62%","148562098","4280877170","1187.100","0.47","10.289","953914005995.252","37937595591","-2.68%","-5.71%","-4.30%","-18.02%","-3.07%","1187.406","1192.342","1164.472"
"189","BK2460","家居装修零售","1848.221","-36.822","-1.95%","-14.96%","-25.50%","14456853","2375776717","1886.279","0.69","18.798","463644897829.75","2298008575","0.22%","1.10%","-10.94%","-16.92%","-8.62%","1885.043","1897.298","1847.557"
"190","BK2629","荷兰全球保险持仓","1127.995","-22.586","-1.96%","-5.85%","-11.53%","644268185","112273645790","1152.007","0.61","26.517","19404004056952.129","109096373267","-4.44%","-6.19%","-2.03%","-7.02%","-3.91%","1150.581","1152.713","1127.396"
"191","BK2639","法国巴黎银行持仓","1144.835","-23.022","-1.97%","-6.14%","-11.30%","1493055227","244016442566","1167.283","1.06","23.493","24541487609117.609","145478524750","-4.39%","-5.73%","-2.28%","-6.73%","-1.34%","1167.857","1167.890","1144.266"
"192","BK2559","红杉资本持仓","1590.133","-32.018","-1.97%","-4.94%","-9.56%","789291793","183051128855","1623.291","0.77","26.265","20474553751177.191","105052677478","-4.21%","-5.70%","-1.75%","-3.48%","6.14%","1622.151","1624.169","1589.363"
"193","BK2636","普信集团持仓","1173.616","-23.697","-1.98%","-6.18%","-12.81%","787631600","138814240006","1197.395","0.73","29.140","22745040083057.52","114173600684","-4.34%","-5.81%","-2.02%","-9.71%","-3.14%","1197.313","1198.615","1173.028"
"194","BK2262","卫生信息服务","1281.160","-26.947","-2.06%","-13.47%","-27.35%","38957645","941931795","1310.759","0.79","-65.291","179402137260.009","7916060996","-4.62%","-14.01%","-9.74%","-37.69%","-36.80%","1308.107","1311.375","1280.579"
"195","BK2536","淡马锡持仓","1691.163","-37.909","-2.19%","-10.74%","-17.25%","459265359","37227837897","1726.041","1.11","37.476","4988592659069.6475","54610994919","-3.73%","-6.26%","-2.94%","-21.13%","-14.63%","1729.072","1729.072","1690.622"
"196","BK2436","特斯拉概念","1580.143","-36.440","-2.25%","-24.57%","-23.98%","1842649","170615818","1620.354","0.41","15.817","32480175547.56","460985290","-2.35%","-5.12%","-1.90%","-23.88%","-27.77%","1616.583","1630.729","1579.429"
"197","BK2543","次新股","744.233","-17.366","-2.28%","-19.91%","-38.53%","48554688","863648143","758.354","2.12","-25.513","184186525020.005","12351205875","-1.76%","-9.63%","-7.96%","-50.82%","-58.63%","761.599","763.309","740.433"
"198","BK2098","通信设备","1632.252","-38.870","-2.33%","-13.45%","-19.01%","93624457","2158084534","1665.364","0.58","21.084","441123864043.044","18392871246","-7.15%","-8.77%","-7.92%","-11.39%","-6.41%","1671.122","1671.120","1631.579"
"199","BK2439","搜索引擎","2644.551","-64.050","-2.36%","-6.63%","-12.50%","6467485","7480504142","2714.041","0.31","22.804","3478696348061.8398","2699476543","-6.55%","-8.54%","-5.20%","-8.81%","8.93%","2708.601","2717.085","2642.271"
"200","BK2004","互联网内容与信息","7224.921","-179.791","-2.43%","-12.43%","-18.37%","394363598","25834981518","7421.013","3.22","23.738","4302345436201.9922","18684157188","-6.49%","-8.17%","-4.25%","-19.78%","-7.98%","7404.712","7426.960","7219.308"
"201","BK2563","喜马拉雅资本持仓","1821.176","-45.830","-2.45%","-7.01%","-10.98%","195744094","24956746392","1867.495","0.65","18.733","6095770192989.3496","31100261871","-4.56%","-6.25%","-1.16%","-2.69%","9.78%","1867.006","1868.117","1819.968"
"202","BK2570","网络安全概念","1639.356","-41.262","-2.46%","-2.10%","-13.41%","39007259","4250313492","1679.673","0.65","57.399","518523612430.31","6445722299","-2.02%","-4.52%","-0.03%","-13.89%","10.57%","1680.618","1681.526","1638.504"
"203","BK2571","ESG概念","1389.590","-35.035","-2.46%","-9.62%","-18.78%","167059793","34841116924","1428.325","0.72","32.212","5204099451357.79","23700512361","-5.94%","-8.03%","-5.31%","-11.72%","-14.76%","1424.625","1429.579","1388.813"
"204","BK2433","社交媒体","1663.562","-42.049","-2.47%","-30.54%","-35.33%","311361221","17042834245","1709.715","6.03","18.998","706811219969.11","6507988523","-6.16%","-5.27%","1.13%","-36.72%","-33.59%","1705.611","1709.715","1662.507"
"205","BK2121","老虎环球持仓","1882.559","-47.631","-2.47%","-13.78%","-21.42%","333125813","42841807978","1928.925","0.99","42.302","7376921739693.0596","51839663291","-4.80%","-7.42%","-3.49%","-25.63%","-20.32%","1930.190","1930.189","1881.610"
"206","BK2123","高瓴资本持仓","2247.682","-57.137","-2.48%","-7.44%","-12.83%","194131554","14004117721","2303.480","1.42","100.123","2296254532746.9009","23235827817","-3.37%","-6.15%","-2.83%","-10.98%","-8.98%","2304.819","2306.640","2246.549"
"207","BK2432","流媒体概念","2369.387","-60.253","-2.48%","-8.39%","-13.76%","190091484","32021501362","2431.437","0.56","26.245","7257481455981.8701","34454270228","-4.86%","-6.68%","-1.67%","-8.40%","-0.53%","2429.640","2433.186","2367.444"
"208","BK2047","太阳能","4815.835","-123.141","-2.49%","16.25%","-6.39%","23552477","915460992","4932.415","2.00","919.993","71511779673.811","1541809752","-6.72%","-8.00%","-4.67%","-17.29%","-10.47%","4938.976","5009.285","4814.963"
"209","BK2508","软件-基础设施","2411.590","-61.687","-2.49%","-6.74%","-16.72%","249506633","19813588590","2476.256","1.00","50.426","3514459083610.813","35372794799","-5.06%","-7.39%","-2.83%","-17.73%","2.30%","2473.277","2476.256","2409.091"
"210","BK2514","宅经济概念","1584.718","-41.275","-2.54%","-18.74%","-23.36%","108901746","21443993432","1622.509","0.92","25.989","3219735833601.4502","13599718253","-4.64%","-7.15%","-3.81%","-28.55%","-29.34%","1625.993","1625.993","1583.792"
"211","BK2982","美股新经济板块","2230.190","-58.336","-2.55%","-10.36%","-16.20%","533990119","80402383462","2294.474","0.81","27.522","13136334871913.1","70930903751","-5.47%","-7.80%","-3.62%","-11.03%","-2.36%","2288.526","2294.474","2228.397"
"212","BK2540","云计算","2110.211","-55.386","-2.56%","-7.05%","-13.60%","85407255","25170626958","2167.429","0.58","29.657","6160087223069.5352","17189963701","-5.90%","-8.41%","-4.62%","-12.63%","-3.49%","2165.597","2167.429","2108.565"
"213","BK2553","3D打印","789.754","-20.771","-2.56%","-10.59%","-20.98%","11394388","109698237","810.607","1.28","-16.654","11639717303","1159064534","-4.86%","-12.50%","-10.58%","-30.95%","-34.69%","810.525","811.624","787.215"
"214","BK2442","5G概念","2327.417","-61.449","-2.57%","-3.96%","-9.34%","258151092","22832060042","2391.348","0.57","22.041","4383759749747.2798","46496246125","-4.15%","-5.65%","-0.23%","3.85%","9.30%","2388.866","2394.085","2325.206"
"215","BK2560","寇图资本持仓","1518.916","-40.853","-2.62%","-14.32%","-22.80%","770810056","93877972746","1559.288","1.47","37.059","9951893479412.6895","65582944272","-5.14%","-8.02%","-2.74%","-22.20%","-14.39%","1559.769","1560.797","1518.115"
"216","BK2437","苹果概念","1664.510","-45.131","-2.64%","-16.92%","-19.05%","205064293","18777272041","1724.050","1.05","20.501","1914170458165.48","20138687559","-3.59%","-8.05%","-7.70%","-9.61%","-9.62%","1709.641","1724.050","1663.904"
"217","BK2518","明星科技股","2486.616","-67.820","-2.65%","-9.29%","-14.87%","362904708","88096045658","2555.810","0.67","28.786","14675266687996.51","56396326116","-5.61%","-8.16%","-2.72%","-9.56%","0.68%","2554.436","2556.233","2484.829"
"218","BK2643","美国政客交易概念","1142.870","-31.191","-2.66%","-7.49%","-13.83%","243243363","61169998591","1173.034","0.61","30.254","10323259204772.01","40860818452","-5.63%","-7.55%","-2.38%","-6.47%","4.47%","1174.061","1174.061","1141.930"
"219","BK2557","巴美列捷福持仓","1595.306","-43.973","-2.68%","-11.38%","-18.59%","528986811","85404114781","1637.147","1.07","33.830","11938539338114.699","68161167317","-5.36%","-7.93%","-2.83%","-18.39%","-9.63%","1639.279","1638.733","1594.491"
"220","BK2520","SaaS概念","2273.600","-62.907","-2.69%","-10.53%","-20.87%","102754425","20509401468","2339.117","0.61","43.197","3856390383678.0454","18952681477","-5.97%","-8.19%","-4.69%","-22.09%","-6.51%","2336.507","2339.117","2271.491"
"221","BK2579","智能家居","1012.488","-28.056","-2.70%","-4.21%","-11.29%","114167915","32652933744","1042.393","0.44","30.604","8054809635218.0703","26388682293","-5.38%","-7.42%","-2.33%","-3.17%","9.15%","1040.544","1042.393","1011.494"
"222","BK2468","汽车制造商","2199.881","-61.609","-2.72%","-12.43%","-15.62%","258018148","22874382277","2227.273","1.58","29.604","1690494714720.1499","23137465444","-4.92%","-8.34%","5.59%","-8.39%","-23.81%","2261.490","2261.489","2198.407"
"223","BK2515","远程办公概念","2763.759","-77.524","-2.73%","-8.19%","-17.29%","32721222","8471743499","2844.340","0.42","34.537","2130844496905.77","7795990391","-7.09%","-9.19%","-5.15%","-11.23%","4.82%","2841.283","2844.340","2759.169"
"224","BK2568","新能源车","2861.478","-81.940","-2.78%","-11.66%","-15.52%","178652191","22640847649","2896.963","1.36","36.815","1620169143983.3701","17710141336","-5.07%","-8.46%","6.20%","-4.77%","14.12%","2943.418","2943.418","2859.499"
"225","BK2245","产业布局","1702.511","-48.984","-2.80%","-7.12%","-15.21%","9575661","948337602","1751.536","0.80","24.460","140064462853.14","1502692503","-1.94%","-4.24%","-4.82%","-5.36%","11.59%","1751.495","1751.536","1696.474"
"226","BK2567","元宇宙概念","1712.421","-49.469","-2.81%","-10.71%","-16.94%","540202639","78018111335.397","1764.999","0.83","26.219","12627604526936.1","71568390143","-5.49%","-8.18%","-3.75%","-12.78%","8.60%","1761.890","1764.999","1711.310"
"227","BK2584","人脸识别","818.949","-23.835","-2.83%","-8.48%","-15.47%","142071451","25376824841","843.738","0.52","28.715","5464508350418.1904","28500684562","-5.45%","-6.89%","-0.73%","-5.51%","7.04%","842.784","844.154","817.872"
"228","BK2577","无线充电","598.806","-17.681","-2.87%","-2.20%","-8.34%","91592507","14625813750","617.471","0.48","27.694","3045413558938.6001","19353636262","-3.79%","-5.73%","1.63%","8.82%","20.50%","616.487","619.116","598.087"
"229","BK2594","量子计算概念","1106.488","-32.760","-2.88%","-10.84%","-36.68%","4020515","45010015","1138.115","2.51","-9.213","3978501078.24","346905339","-7.13%","-10.97%","-16.79%","-2.11%","17.42%","1139.248","1139.248","1070.698"
"230","BK2450","光伏太阳能","3490.371","-104.260","-2.90%","-12.79%","-20.54%","26840269","2057704310","3598.675","1.07","23.340","216222239404.432","2696513704","-6.51%","-11.00%","-9.24%","-14.01%","-7.76%","3594.631","3608.847","3489.303"
"231","BK2124","内地教育股","162.107","-4.869","-2.92%","-31.62%","-37.73%","21803790","162901827","165.574","2.51","-3.976","5491920203.76","1574645858","-6.62%","-2.55%","1.77%","-45.13%","-93.00%","166.976","167.225","161.455"
"232","BK2016","半导体设备与材料","7675.938","-231.035","-2.92%","-18.86%","-27.71%","23866601","3168303512","7923.260","0.84","24.950","536508199567.14","3030264545","-6.06%","-12.13%","-10.99%","-22.06%","-10.54%","7906.973","7935.399","7667.403"
"233","BK2509","商业设备和用品","1379.495","-41.563","-2.92%","-17.38%","-20.28%","1977179","123292882","1426.543","0.62","19.396","17728727731.9","359648417","-2.72%","-4.12%","-3.70%","-21.41%","-18.78%","1421.058","1432.716","1379.023"
"234","BK2448","OLED概念","2950.752","-89.114","-2.93%","-19.77%","-26.92%","8664304","929114155","3045.929","0.62","16.587","113415400779.7","1692416807","-6.90%","-13.55%","-13.38%","-15.74%","-14.68%","3039.866","3056.517","2948.137"
"235","BK2555","WSB热门概念","890.288","-26.943","-2.94%","-16.13%","-29.66%","372753240","4208176525","916.145","2.49","-26.463","185803998343.294","20346103371","-3.89%","-10.17%","-0.91%","-39.23%","-43.95%","917.231","917.232","890.184"
"236","BK2075","消费类电子","3873.412","-119.246","-2.99%","-1.55%","-8.19%","83033742","12803682404","3998.869","0.45","27.248","2821869912191.1582","18981919783","-4.17%","-5.68%","2.04%","6.36%","16.72%","3992.658","4009.203","3868.172"
"237","BK2588","数字音乐","569.072","-17.643","-3.01%","-2.04%","-8.70%","88693982","12985374075","587.591","0.48","27.855","2860852114629.21","19987425436","-4.18%","-5.70%","2.05%","8.24%","19.81%","586.715","589.028","568.315"
"238","BK2438","直播概念","735.258","-22.964","-3.03%","-24.86%","-30.81%","19076085","350366426","751.877","2.19","-23.528","28284277705.745","1777872545","-6.15%","-2.20%","1.48%","-53.94%","-61.68%","758.222","758.222","730.766"
"239","BK2116","段永平概念","3296.972","-103.091","-3.03%","-3.10%","-7.19%","160453160","16716293052","3393.848","0.73","28.721","3097676957795.3799","23152534956","-3.64%","-4.86%","1.89%","5.39%","15.31%","3400.063","3402.631","3293.006"
"240","BK2470","软件 - 应用","1765.789","-55.611","-3.05%","-15.77%","-29.04%","539498551","14234295593","1821.630","2.23","-148.975","1850196005905.8413","38945522786","-4.58%","-8.18%","-5.19%","-35.44%","-20.03%","1821.400","1821.630","1765.671"
"241","BK2431","互联网零售","1637.488","-52.085","-3.08%","-9.96%","-15.17%","129282595","13567988313","1683.361","1.44","32.847","2156048366956.926","15043983693","-4.57%","-7.34%","-4.40%","-27.02%","-30.20%","1689.573","1689.573","1636.605"
"242","BK2015","半导体","3754.800","-121.440","-3.13%","-16.34%","-21.65%","280917675","31448378167","3914.888","1.08","25.071","2489838308554.6001","29021720436","-5.74%","-12.19%","-9.97%","-8.73%","1.29%","3876.240","3916.327","3753.327"
"243","BK2435","在线教育","184.780","-6.246","-3.27%","-31.82%","-37.79%","19477113","160555577","189.253","2.54","-5.350","5204601135.86","1245817653","-7.05%","-2.85%","2.02%","-43.65%","-93.11%","191.026","191.347","184.071"
"244","BK2548","AI","6725.097","-231.055","-3.32%","-14.92%","-27.71%","102712574","14414504619.701","7022.952","1.07","48.263","843179221210.004","10410626605","-9.22%","-17.07%","-11.53%","-9.91%","27.72%","6956.152","7056.321","6714.789"
"245","BK2119","景林资产持仓","997.958","-34.988","-3.39%","-22.36%","-25.44%","178143328","29056106898","1018.397","1.31","37.864","2263329756628.02","22068940799","-6.08%","-7.43%","4.81%","-36.80%","-40.92%","1032.946","1032.948","997.402"
"246","BK2542","昨日强势股","92.675","-3.254","-3.39%","-36.16%","-48.42%","1306492837","6213199721.1","95.863","0.44","-0.658","143475463855.152","567874790987","-12.59%","-6.58%","-15.67%","-62.37%","-81.17%","95.929","95.970","92.581"
"247","BK2997","大麻股","265.338","-9.371","-3.41%","-11.62%","-21.84%","41587848","217911836.908","273.487","2.57","-3.768","12746134060.632","2234154574","-3.64%","-13.66%","1.08%","-43.04%","-60.38%","274.709","274.709","263.776"
"248","BK2644","马斯克概念股","1319.542","-47.277","-3.46%","-4.47%","-7.93%","307082914","35309577643.941","1344.248","9.64","108.291","1283608890817.9199","3947412950","-7.07%","-9.85%","16.35%","5.01%","28.60%","1366.819","1366.819","1318.483"
"249","BK2558","软银资本持仓","2056.631","-74.667","-3.50%","-10.21%","-22.70%","117193817","13670783299","2151.924","2.40","83.381","769813786501.28","6634929500","-9.12%","-16.55%","-10.06%","-11.69%","-5.79%","2131.298","2164.551","2049.577"
"250","BK2517","热门中概股","910.611","-34.025","-3.60%","-23.61%","-22.26%","216227515","5912041268","934.004","1.28","28.520","763120291262.03","27674586584","-4.54%","-5.28%","-2.70%","-43.24%","-56.14%","944.636","944.636","910.202"
"251","BK2546","氢能源","3898.821","-150.244","-3.71%","24.51%","-6.00%","22470105","385691643","4041.417","2.20","-27.514","20811793419.61","1122323656","-5.18%","-9.27%","-2.52%","-17.41%","-4.23%","4049.065","4063.380","3898.156"
"252","BK2530","中概回港概念","911.024","-35.407","-3.74%","-23.35%","-20.93%","191447536","5343145451","933.968","1.74","26.974","653610937935.23","17793702992","-4.67%","-5.93%","-2.42%","-42.45%","-55.04%","946.431","946.430","910.156"
"253","BK2521","IDC概念","2516.198","-98.451","-3.77%","-15.37%","-24.48%","172968582","21711356471","2635.634","1.90","28.418","1022311395765.72","9331392754","-9.14%","-16.16%","-10.92%","-9.44%","10.35%","2614.649","2643.108","2512.681"
"254","BK2551","ARK ETF合集","1746.267","-73.154","-4.02%","-18.50%","-33.90%","26929468","1509253311","1817.293","6.72","0.000","19678169000","400700000","-5.58%","-10.03%","-5.83%","-46.31%","-47.57%","1819.421","1819.423","1745.788"
"255","BK2576","物联网","680.232","-30.666","-4.31%","-18.60%","-24.66%","82643216","14720587882","711.194","1.66","25.002","836719588309.876","6034410923","-10.66%","-18.36%","-11.37%","-24.84%","-62.19%","710.898","716.745","678.625"
"256","BK2998","双十一","699.401","-32.837","-4.48%","-25.70%","-20.54%","60513006","3286543157","720.128","1.30","17.348","422303435129.23","7455856547","-6.04%","-8.22%","-4.42%","-44.95%","-54.99%","732.238","732.238","698.391"
"257","BK2434","腾讯概念","2341.564","-110.080","-4.49%","-29.51%","-28.98%","134052408","2709521125","2441.790","2.04","-104.484","233737304685.82","11672603631","-3.23%","-1.68%","-1.56%","-47.92%","-59.39%","2451.644","2451.644","2339.513"
"258","BK2561","NFT概念","2917.345","-138.644","-4.54%","-27.88%","-28.05%","85167424","3607709266","2990.552","1.99","14.234","330891215413.33","6525441117","-8.16%","-12.89%","-6.24%","-47.46%","-44.88%","3055.989","3056.013","2913.252"
"259","BK2547","充电桩","5418.363","-268.500","-4.72%","8.60%","-15.59%","16220950","216312581","5691.646","2.18","-24.360","14765798092.07","1344735346","-8.05%","-13.04%","-8.10%","-18.23%","-29.80%","5686.863","5727.133","5347.558"
"260","BK2569","基因编辑","851.667","-62.113","-6.80%","-19.57%","-38.21%","6964249","216586978","911.590","1.58","-9.532","14695014514.31","507087360","-8.32%","-12.03%","-13.74%","-49.18%","-42.69%","913.780","913.780","850.181"
